{
    "base": {
        "base-1": {
            "file": "card-base-1.png",
            "dice": false,
            "timer": false
        },
        "base-10": {
            "file": "card-base-10.png",
            "dice": false,
            "timer": false
        },
        "base-11": {
            "file": "card-base-11.png",
            "dice": false,
            "timer": false
        },
        "base-12": {
            "file": "card-base-12.png",
            "dice": false,
            "timer": false
        },
        "base-13": {
            "file": "card-base-13.png",
            "dice": false,
            "timer": false
        },
        "base-14": {
            "file": "card-base-14.png",
            "dice": false,
            "timer": false
        },
        "base-15": {
            "file": "card-base-15.png",
            "dice": false,
            "timer": false
        },
        "base-16": {
            "file": "card-base-16.png",
            "dice": false,
            "timer": false
        },
        "base-17": {
            "file": "card-base-17.png",
            "dice": false,
            "timer": false
        },
        "base-18": {
            "file": "card-base-18.png",
            "dice": false,
            "timer": false
        },
        "base-19": {
            "file": "card-base-19.png",
            "dice": false,
            "timer": false
        },
        "base-2": {
            "file": "card-base-2.png",
            "dice": false,
            "timer": false
        },
        "base-20": {
            "file": "card-base-20.png",
            "dice": false,
            "timer": false
        },
        "base-21": {
            "file": "card-base-21.png",
            "dice": false,
            "timer": false
        },
        "base-22": {
            "file": "card-base-22.png",
            "dice": false,
            "timer": false
        },
        "base-23": {
            "file": "card-base-23.png",
            "dice": false,
            "timer": false
        },
        "base-24": {
            "file": "card-base-24.png",
            "dice": false,
            "timer": false
        },
        "base-25": {
            "file": "card-base-25.png",
            "dice": false,
            "timer": false
        },
        "base-26": {
            "file": "card-base-26.png",
            "dice": false,
            "timer": false
        },
        "base-27": {
            "file": "card-base-27.png",
            "dice": false,
            "timer": false
        },
        "base-28": {
            "file": "card-base-28.png",
            "dice": false,
            "timer": false
        },
        "base-29": {
            "file": "card-base-29.png",
            "dice": false,
            "timer": false
        },
        "base-3": {
            "file": "card-base-3.png",
            "dice": false,
            "timer": false
        },
        "base-30": {
            "file": "card-base-30.png",
            "dice": false,
            "timer": false
        },
        "base-31": {
            "file": "card-base-31.png",
            "dice": false,
            "timer": false
        },
        "base-32": {
            "file": "card-base-32.png",
            "dice": false,
            "timer": false
        },
        "base-33": {
            "file": "card-base-33.png",
            "dice": false,
            "timer": false
        },
        "base-34": {
            "file": "card-base-34.png",
            "dice": false,
            "timer": false
        },
        "base-35": {
            "file": "card-base-35.png",
            "dice": false,
            "timer": false
        },
        "base-36": {
            "file": "card-base-36.png",
            "dice": false,
            "timer": false
        },
        "base-37": {
            "file": "card-base-37.png",
            "dice": false,
            "timer": false
        },
        "base-38": {
            "file": "card-base-38.png",
            "dice": false,
            "timer": false
        },
        "base-39": {
            "file": "card-base-39.png",
            "dice": false,
            "timer": false
        },
        "base-4": {
            "file": "card-base-4.png",
            "dice": false,
            "timer": false
        },
        "base-40": {
            "file": "card-base-40.png",
            "dice": false,
            "timer": false
        },
        "base-41": {
            "file": "card-base-41.png",
            "dice": false,
            "timer": false
        },
        "base-42": {
            "file": "card-base-42.png",
            "dice": false,
            "timer": false
        },
        "base-43": {
            "file": "card-base-43.png",
            "dice": false,
            "timer": false
        },
        "base-44": {
            "file": "card-base-44.png",
            "dice": false,
            "timer": false
        },
        "base-45": {
            "file": "card-base-45.png",
            "dice": false,
            "timer": false
        },
        "base-46": {
            "file": "card-base-46.png",
            "dice": false,
            "timer": false
        },
        "base-47": {
            "file": "card-base-47.png",
            "dice": false,
            "timer": false
        },
        "base-48": {
            "file": "card-base-48.png",
            "dice": false,
            "timer": false
        },
        "base-49": {
            "file": "card-base-49.png",
            "dice": false,
            "timer": false
        },
        "base-5": {
            "file": "card-base-5.png",
            "dice": false,
            "timer": false
        },
        "base-50": {
            "file": "card-base-50.png",
            "dice": false,
            "timer": false
        },
        "base-6": {
            "file": "card-base-6.png",
            "dice": false,
            "timer": false
        },
        "base-7": {
            "file": "card-base-7.png",
            "dice": false,
            "timer": false
        },
        "base-8": {
            "file": "card-base-8.png",
            "dice": false,
            "timer": false
        },
        "base-9": {
            "file": "card-base-9.png",
            "dice": false,
            "timer": false
        }
    },
    "expansion1": {
        "expansion1-1": {
            "file": "card-expansion1-1.png",
            "dice": false,
            "timer": false
        },
        "expansion1-10": {
            "file": "card-expansion1-10.png",
            "dice": false,
            "timer": false
        },
        "expansion1-11": {
            "file": "card-expansion1-11.png",
            "dice": false,
            "timer": false
        },
        "expansion1-12": {
            "file": "card-expansion1-12.png",
            "dice": false,
            "timer": false
        },
        "expansion1-13": {
            "file": "card-expansion1-13.png",
            "dice": false,
            "timer": false
        },
        "expansion1-14": {
            "file": "card-expansion1-14.png",
            "dice": false,
            "timer": false
        },
        "expansion1-15": {
            "file": "card-expansion1-15.png",
            "dice": false,
            "timer": false
        },
        "expansion1-16": {
            "file": "card-expansion1-16.png",
            "dice": false,
            "timer": false
        },
        "expansion1-17": {
            "file": "card-expansion1-17.png",
            "dice": false,
            "timer": false
        },
        "expansion1-18": {
            "file": "card-expansion1-18.png",
            "dice": false,
            "timer": false
        },
        "expansion1-19": {
            "file": "card-expansion1-19.png",
            "dice": false,
            "timer": false
        },
        "expansion1-2": {
            "file": "card-expansion1-2.png",
            "dice": false,
            "timer": false
        },
        "expansion1-20": {
            "file": "card-expansion1-20.png",
            "dice": false,
            "timer": false
        },
        "expansion1-21": {
            "file": "card-expansion1-21.png",
            "dice": false,
            "timer": false
        },
        "expansion1-22": {
            "file": "card-expansion1-22.png",
            "dice": false,
            "timer": false
        },
        "expansion1-23": {
            "file": "card-expansion1-23.png",
            "dice": false,
            "timer": false
        },
        "expansion1-24": {
            "file": "card-expansion1-24.png",
            "dice": false,
            "timer": false
        },
        "expansion1-25": {
            "file": "card-expansion1-25.png",
            "dice": false,
            "timer": false
        },
        "expansion1-3": {
            "file": "card-expansion1-3.png",
            "dice": false,
            "timer": false
        },
        "expansion1-4": {
            "file": "card-expansion1-4.png",
            "dice": false,
            "timer": false
        },
        "expansion1-5": {
            "file": "card-expansion1-5.png",
            "dice": false,
            "timer": false
        },
        "expansion1-6": {
            "file": "card-expansion1-6.png",
            "dice": false,
            "timer": false
        },
        "expansion1-7": {
            "file": "card-expansion1-7.png",
            "dice": false,
            "timer": false
        },
        "expansion1-8": {
            "file": "card-expansion1-8.png",
            "dice": false,
            "timer": false
        },
        "expansion1-9": {
            "file": "card-expansion1-9.png",
            "dice": false,
            "timer": false
        }
    },
    "expansion2": {
        "expansion2-1": {
            "file": "card-expansion2-1.png",
            "dice": false,
            "timer": false
        },
        "expansion2-10": {
            "file": "card-expansion2-10.png",
            "dice": false,
            "timer": false
        },
        "expansion2-11": {
            "file": "card-expansion2-11.png",
            "dice": false,
            "timer": false
        },
        "expansion2-12": {
            "file": "card-expansion2-12.png",
            "dice": false,
            "timer": false
        },
        "expansion2-13": {
            "file": "card-expansion2-13.png",
            "dice": false,
            "timer": false
        },
        "expansion2-14": {
            "file": "card-expansion2-14.png",
            "dice": false,
            "timer": false
        },
        "expansion2-15": {
            "file": "card-expansion2-15.png",
            "dice": false,
            "timer": false
        },
        "expansion2-16": {
            "file": "card-expansion2-16.png",
            "dice": false,
            "timer": false
        },
        "expansion2-17": {
            "file": "card-expansion2-17.png",
            "dice": false,
            "timer": false
        },
        "expansion2-18": {
            "file": "card-expansion2-18.png",
            "dice": false,
            "timer": false
        },
        "expansion2-19": {
            "file": "card-expansion2-19.png",
            "dice": false,
            "timer": false
        },
        "expansion2-2": {
            "file": "card-expansion2-2.png",
            "dice": false,
            "timer": false
        },
        "expansion2-20": {
            "file": "card-expansion2-20.png",
            "dice": false,
            "timer": false
        },
        "expansion2-21": {
            "file": "card-expansion2-21.png",
            "dice": false,
            "timer": false
        },
        "expansion2-22": {
            "file": "card-expansion2-22.png",
            "dice": false,
            "timer": false
        },
        "expansion2-23": {
            "file": "card-expansion2-23.png",
            "dice": false,
            "timer": false
        },
        "expansion2-24": {
            "file": "card-expansion2-24.png",
            "dice": false,
            "timer": false
        },
        "expansion2-25": {
            "file": "card-expansion2-25.png",
            "dice": false,
            "timer": false
        },
        "expansion2-3": {
            "file": "card-expansion2-3.png",
            "dice": false,
            "timer": false
        },
        "expansion2-4": {
            "file": "card-expansion2-4.png",
            "dice": false,
            "timer": false
        },
        "expansion2-5": {
            "file": "card-expansion2-5.png",
            "dice": false,
            "timer": false
        },
        "expansion2-6": {
            "file": "card-expansion2-6.png",
            "dice": false,
            "timer": false
        },
        "expansion2-7": {
            "file": "card-expansion2-7.png",
            "dice": false,
            "timer": false
        },
        "expansion2-8": {
            "file": "card-expansion2-8.png",
            "dice": false,
            "timer": false
        },
        "expansion2-9": {
            "file": "card-expansion2-9.png",
            "dice": false,
            "timer": false
        }
    }
}